

INSERT INTO `products` (`id`, `product_name`, `product_des`, `product_categ_id`, `path`, `unit_price`, `download`, `views`, `created_at`, `updated_at`) VALUES
(1, 'Hình phong cảnh123', 'Hình đẹp phong cảnh 1', 1, 'pic01.jpg', '500009', 0, 11, '2016-07-21 02:02:33', '2016-08-08 00:12:18'),
(2, 'Hình phong cảnh 1', 'Hình đẹp phong cảnh 1', 1, 'pic02.jpg', '1000', 0, 22, '2016-07-21 02:02:33', '2016-07-21 02:02:33'),
(3, 'Hình phong cảnh 1', 'Hình đẹp phong cảnh 1', 1, 'pic03.jpg', '1000', 0, 9, '2016-07-21 02:02:33', '2016-07-21 02:02:33'),
(4, 'Hình phong cảnh 1', 'Hình đẹp phong cảnh 1', 1, 'pic04.jpg', '1000', 0, 3, '2016-07-21 02:02:33', '2016-07-21 02:02:33'),
(5, 'Hình phong cảnh 1', 'Hình đẹp phong cảnh 1', 1, 'pic05.jpg', '1000', 0, 6, '2016-07-21 02:02:33', '2016-07-21 02:02:33'),
(6, 'Hình phong cảnh 1', 'Hình đẹp phong cảnh 1', 1, 'pic06.jpg', '1000', 0, 4, '2016-07-21 02:02:33', '2016-07-21 02:02:33'),
(7, 'Hình phong cảnh 1', 'Hình đẹp phong cảnh 1', 1, 'pic07.jpg', '1000', 0, 1, '2016-07-21 02:02:33', '2016-07-21 02:02:33'),
(8, 'Hình phong cảnh 1', 'Hình đẹp phong cảnh 1', 1, 'pic08.jpg', '1000', 0, 5, '2016-07-21 02:02:33', '2016-07-21 02:02:33'),
(9, 'Hình phong cảnh 1', 'Hình đẹp phong cảnh 1', 1, 'pic09.jpg', '1000', 0, 1, '2016-07-21 02:02:33', '2016-07-21 02:02:33'),
(10, 'Hình mây và núi', 'Phong cảnh mây núi đặc sắc', 1, 'pic11.jpg', '50000', 12, 26, '2016-07-21 02:02:33', '2016-08-08 19:30:37'),
(11, 'Hình phong cảnh 1', 'Hình đẹp phong cảnh 1', 2, 'pic01.jpg', '1000', 0, 0, '2016-07-21 02:02:33', '2016-07-21 02:02:33'),
(12, 'Hình phong cảnh 1', 'Hình đẹp phong cảnh 1', 2, 'pic01.jpg', '1000', 0, 0, '2016-07-21 02:02:33', '2016-07-21 02:02:33'),
(13, 'Hình phong cảnh 1', 'Hình đẹp phong cảnh 1', 2, 'pic01.jpg', '1000', 0, 0, '2016-07-21 02:02:33', '2016-07-21 02:02:33'),
(14, 'Hình phong cảnh 1', 'Hình đẹp phong cảnh 1', 2, 'pic01.jpg', '1000', 0, 0, '2016-07-21 02:02:33', '2016-07-21 02:02:33'),
(15, 'Hình phong cảnh 1', 'Hình đẹp phong cảnh 1', 2, 'pic01.jpg', '1000', 0, 0, '2016-07-21 02:02:33', '2016-07-21 02:02:33'),
(16, 'Hình phong cảnh 1', 'Hình đẹp phong cảnh 1', 2, 'pic01.jpg', '1000', 0, 1, '2016-07-21 02:02:33', '2016-07-21 02:02:33'),
(17, 'Hình phong cảnh 1', 'Hình đẹp phong cảnh 1', 2, 'pic01.jpg', '1000', 0, 0, '2016-07-21 02:02:33', '2016-07-21 02:02:33'),
(18, 'Hình phong cảnh 1', 'Hình đẹp phong cảnh 1', 2, 'pic01.jpg', '1000', 0, 0, '2016-07-21 02:02:33', '2016-07-21 02:02:33'),
(19, 'Hình phong cảnh 1', 'Hình đẹp phong cảnh 1', 2, 'pic01.jpg', '1000', 0, 0, '2016-07-21 02:02:33', '2016-07-21 02:02:33'),
(20, 'Hình phong cảnh 1', 'Hình đẹp phong cảnh 1', 3, 'pic01.jpg', '1000', 0, 0, '2016-07-21 02:02:33', '2016-07-21 02:02:33'),
(21, 'Hình phong cảnh 1', 'Hình đẹp phong cảnh 1', 4, 'pic01.jpg', '1000', 0, 0, '2016-07-21 02:02:34', '2016-07-21 02:02:34'),
(22, 'Hình phong cảnh 1', 'Hình đẹp phong cảnh 1', 4, 'pic01.jpg', '1000', 0, 0, '2016-07-21 02:02:34', '2016-07-21 02:02:34'),
(23, 'Hình phong cảnh 1', 'Hình đẹp phong cảnh 1', 4, 'pic01.jpg', '1000', 0, 0, '2016-07-21 02:02:34', '2016-07-21 02:02:34'),
(24, 'Hình phong cảnh 1', 'Hình đẹp phong cảnh 1', 4, 'pic01.jpg', '1000', 0, 0, '2016-07-21 02:02:34', '2016-07-21 02:02:34'),
(25, 'Hình phong cảnh 1', 'Hình đẹp phong cảnh 1', 4, 'pic01.jpg', '1000', 0, 0, '2016-07-21 02:02:34', '2016-07-21 02:02:34'),
(26, 'Hình phong cảnh 1', 'Hình đẹp phong cảnh 1', 4, 'pic01.jpg', '1000', 0, 0, '2016-07-21 02:02:34', '2016-07-21 02:02:34'),
(27, 'Hình phong cảnh 1', 'Hình đẹp phong cảnh 1', 4, 'pic01.jpg', '1000', 0, 1, '2016-07-21 02:02:34', '2016-07-21 02:02:34'),
(28, 'Hình phong cảnh 1', 'Hình đẹp phong cảnh 1', 4, 'pic01.jpg', '1000', 0, 0, '2016-07-21 02:02:34', '2016-07-21 02:02:34'),
(29, 'Hình phong cảnh 1', 'Hình đẹp phong cảnh 1', 4, 'pic01.jpg', '1000', 0, 0, '2016-07-21 02:02:34', '2016-07-21 02:02:34'),
(30, 'Hình phong cảnh 1', 'Hình đẹp phong cảnh 1', 4, 'pic01.jpg', '1000', 0, 0, '2016-07-21 02:02:34', '2016-07-21 02:02:34'),
(31, 'Hình phong cảnh 12121212', 'Hình đẹp phong cảnh 1', 4, 'pic01.jpg', '1000', 0, 0, '2016-07-21 02:02:34', '2016-08-07 23:18:18'),
(32, 'Hình phong cảnh 1', 'Hình đẹp phong cảnh 1', 4, 'pic01.jpg', '1000', 0, 0, '2016-07-21 02:02:34', '2016-07-21 02:02:34'),
(33, 'Hình phong cảnh 1', 'Hình đẹp phong cảnh 1', 3, 'pic01.jpg', '1000', 0, 0, '2016-07-21 02:02:34', '2016-07-21 02:02:34'),
(34, 'Hình phong cảnh 1', 'Hình đẹp phong cảnh 1', 3, 'pic01.jpg', '1000', 0, 0, '2016-07-21 02:02:34', '2016-07-21 02:02:34'),
(35, 'Hình phong cảnh 1', 'Hình đẹp phong cảnh 1', 3, 'pic01.jpg', '1000', 0, 0, '2016-07-21 02:02:34', '2016-07-21 02:02:34'),
(36, 'Hình phong cảnh 1', 'Hình đẹp phong cảnh 1', 3, 'pic01.jpg', '1000', 0, 0, '2016-07-21 02:02:34', '2016-07-21 02:02:34'),
(37, 'Hình phong cảnh 1', 'Hình đẹp phong cảnh 1', 3, 'pic01.jpg', '1000', 0, 0, '2016-07-21 02:02:34', '2016-07-21 02:02:34'),
(38, 'Hình phong cảnh 1', 'Hình đẹp phong cảnh 1', 3, 'pic01.jpg', '1000', 0, 0, '2016-07-21 02:02:34', '2016-07-21 02:02:34'),
(50, 'awdawdad', 'awdawdaw', 1, 'Hinh-17.jpg', '123345', 100, 1225, '2016-08-08 02:19:15', '2016-08-08 02:19:15'),
(51, 'daaa', 'AAAA', 2, '2800x1800-696x447.jpg', '50000', 0, 0, '2016-08-08 20:55:58', '2016-08-10 02:02:44');

-- --------------------------------------------------------

--
-- Table structure for table `product_categs`
--

CREATE TABLE `product_categs` (
  `id` int(10) UNSIGNED NOT NULL,
  `categ_name` varchar(255) COLLATE utf8_unicode_ci NOT NULL,
  `created_at` timestamp NULL DEFAULT NULL,
  `updated_at` timestamp NULL DEFAULT NULL
) ENGINE=InnoDB DEFAULT CHARSET=utf8 COLLATE=utf8_unicode_ci;

--
-- Dumping data for table `product_categs`
--

INSERT INTO `product_categs` (`id`, `categ_name`, `created_at`, `updated_at`) VALUES
(1, 'Phong Cảnh Hữu Tình', '2016-07-21 01:59:42', '2016-08-05 03:04:27'),
(2, 'Frame', '2016-07-21 01:59:43', '2016-07-21 01:59:43'),
(3, 'Sticker', '2016-07-21 01:59:43', '2016-08-05 03:04:45'),
(4, 'Chân dung', '2016-07-21 01:59:43', '2016-07-21 01:59:43'),
(5, 'Thiên Thần', '2016-07-21 01:59:43', '2016-07-21 01:59:43'),
(10, 'Victoria Secret', '2016-08-05 02:58:16', '2016-08-05 02:58:16'),
(11, 'Nothing', '2016-08-09 21:21:05', '2016-08-09 21:21:05'),
(12, 'Wringting', '2016-08-09 21:21:13', '2016-08-09 21:21:13'),
(13, 'Lightning', '2016-08-09 21:21:23', '2016-08-09 21:21:23'),
(14, 'Listieng', '2016-08-09 21:21:31', '2016-08-09 21:21:31');

-- --------------------------------------------------------

--
-- Table structure for table `roles`
--

CREATE TABLE `roles` (
  `id` int(10) UNSIGNED NOT NULL,
  `role_name` varchar(255) COLLATE utf8_unicode_ci NOT NULL,
  `created_at` timestamp NULL DEFAULT NULL,
  `updated_at` timestamp NULL DEFAULT NULL
) ENGINE=InnoDB DEFAULT CHARSET=utf8 COLLATE=utf8_unicode_ci;

--
-- Dumping data for table `roles`
--

INSERT INTO `roles` (`id`, `role_name`, `created_at`, `updated_at`) VALUES
(1, 'Administrator', '2016-07-21 01:57:22', '2016-07-21 01:57:22'),
(2, 'User', '2016-07-21 01:57:22', '2016-07-21 01:57:22'),
(3, 'Block', '2016-07-21 01:57:23', '2016-07-21 01:57:23');

-- --------------------------------------------------------

--
-- Table structure for table `stats`
--

CREATE TABLE `stats` (
  `id` int(10) UNSIGNED NOT NULL,
  `stat_name` varchar(255) COLLATE utf8_unicode_ci NOT NULL,
  `created_at` timestamp NULL DEFAULT NULL,
  `updated_at` timestamp NULL DEFAULT NULL
) ENGINE=InnoDB DEFAULT CHARSET=utf8 COLLATE=utf8_unicode_ci;

--
-- Dumping data for table `stats`
--

INSERT INTO `stats` (`id`, `stat_name`, `created_at`, `updated_at`) VALUES
(1, 'Chưa xác nhận', '2016-08-02 17:00:00', '2016-08-02 17:00:00'),
(2, 'Xác nhận', '2016-08-02 17:00:00', '2016-08-02 17:00:00'),
(3, 'Hoàn thành', '2016-08-02 17:00:00', '2016-08-02 17:00:00');

-- --------------------------------------------------------

--
-- Table structure for table `users`
--

CREATE TABLE `users` (
  `id` int(10) UNSIGNED NOT NULL,
  `name` varchar(255) COLLATE utf8_unicode_ci NOT NULL,
  `account` varchar(255) COLLATE utf8_unicode_ci NOT NULL,
  `email` varchar(255) COLLATE utf8_unicode_ci NOT NULL,
  `password` varchar(255) COLLATE utf8_unicode_ci NOT NULL,
  `role_id` int(10) UNSIGNED NOT NULL,
  `remember_token` varchar(100) COLLATE utf8_unicode_ci DEFAULT NULL,
  `created_at` timestamp NULL DEFAULT NULL,
  `updated_at` timestamp NULL DEFAULT NULL
) ENGINE=InnoDB DEFAULT CHARSET=utf8 COLLATE=utf8_unicode_ci;

--
-- Dumping data for table `users`
--

INSERT INTO `users` (`id`, `name`, `account`, `email`, `password`, `role_id`, `remember_token`, `created_at`, `updated_at`) VALUES
(32, 'thuan', 'thuan45', 'th1uan@gmail.com', '123456789', 2, NULL, '2016-07-21 02:20:21', '2016-08-09 23:31:39'),
(33, 'Admin123', 'admin', 'thu1an.vu@tctav.com', '123456', 1, NULL, '2016-08-05 00:08:15', '2016-08-08 20:50:56'),
(34, 'admin123', 'admin1', 'admin@gmail.com', 'admin', 1, NULL, '2016-08-09 21:09:41', '2016-08-09 21:09:41');

--
-- Indexes for dumped tables
--

--
-- Indexes for table `carts`
--
ALTER TABLE `carts`
  ADD PRIMARY KEY (`id`),
  ADD KEY `carts_product_id_index` (`product_id`),
  ADD KEY `carts_user_id_index` (`user_id`);

--
-- Indexes for table `favorites`
--
ALTER TABLE `favorites`
  ADD PRIMARY KEY (`id`),
  ADD KEY `favorites_product_id_index` (`product_id`),
  ADD KEY `favorites_user_id_index` (`user_id`);

--
-- Indexes for table `orders`
--
ALTER TABLE `orders`
  ADD PRIMARY KEY (`id`),
  ADD KEY `orders_user_id_index` (`user_id`),
  ADD KEY `orders_stat_id_index` (`stat_id`);

--
-- Indexes for table `order_details`
--
ALTER TABLE `order_details`
  ADD PRIMARY KEY (`id`),
  ADD KEY `order_details_order_id_index` (`order_id`),
  ADD KEY `order_details_product_id_index` (`product_id`);

--
-- Indexes for table `password_resets`
--
ALTER TABLE `password_resets`
  ADD KEY `password_resets_email_index` (`email`),
  ADD KEY `password_resets_token_index` (`token`);

--
-- Indexes for table `products`
--
ALTER TABLE `products`
  ADD PRIMARY KEY (`id`),
  ADD KEY `products_product_categ_id_index` (`product_categ_id`);

--
-- Indexes for table `product_categs`
--
ALTER TABLE `product_categs`
  ADD PRIMARY KEY (`id`);

--
-- Indexes for table `roles`
--
ALTER TABLE `roles`
  ADD PRIMARY KEY (`id`);

--
-- Indexes for table `stats`
--
ALTER TABLE `stats`
  ADD PRIMARY KEY (`id`);

--
-- Indexes for table `users`
--
ALTER TABLE `users`
  ADD PRIMARY KEY (`id`),
  ADD UNIQUE KEY `users_email_unique` (`email`),
  ADD KEY `users_role_id_index` (`role_id`);

--
-- AUTO_INCREMENT for dumped tables
--

--
-- AUTO_INCREMENT for table `carts`
--
ALTER TABLE `carts`
  MODIFY `id` int(10) UNSIGNED NOT NULL AUTO_INCREMENT;
--
-- AUTO_INCREMENT for table `favorites`
--
ALTER TABLE `favorites`
  MODIFY `id` int(10) UNSIGNED NOT NULL AUTO_INCREMENT;
--
-- AUTO_INCREMENT for table `orders`
--
ALTER TABLE `orders`
  MODIFY `id` int(10) UNSIGNED NOT NULL AUTO_INCREMENT;
--
-- AUTO_INCREMENT for table `order_details`
--
ALTER TABLE `order_details`
  MODIFY `id` int(10) UNSIGNED NOT NULL AUTO_INCREMENT;
--
-- AUTO_INCREMENT for table `products`
--
ALTER TABLE `products`
  MODIFY `id` int(10) UNSIGNED NOT NULL AUTO_INCREMENT, AUTO_INCREMENT=55;
--
-- AUTO_INCREMENT for table `product_categs`
--
ALTER TABLE `product_categs`
  MODIFY `id` int(10) UNSIGNED NOT NULL AUTO_INCREMENT, AUTO_INCREMENT=17;
--
-- AUTO_INCREMENT for table `roles`
--
ALTER TABLE `roles`
  MODIFY `id` int(10) UNSIGNED NOT NULL AUTO_INCREMENT, AUTO_INCREMENT=4;
--
-- AUTO_INCREMENT for table `stats`
--
ALTER TABLE `stats`
  MODIFY `id` int(10) UNSIGNED NOT NULL AUTO_INCREMENT, AUTO_INCREMENT=4;
--
-- AUTO_INCREMENT for table `users`
--
ALTER TABLE `users`
  MODIFY `id` int(10) UNSIGNED NOT NULL AUTO_INCREMENT, AUTO_INCREMENT=35;
--
-- Constraints for dumped tables
--

--
-- Constraints for table `carts`
--
ALTER TABLE `carts`
  ADD CONSTRAINT `carts_product_id_foreign` FOREIGN KEY (`product_id`) REFERENCES `products` (`id`) ON DELETE CASCADE,
  ADD CONSTRAINT `carts_user_id_foreign` FOREIGN KEY (`user_id`) REFERENCES `users` (`id`) ON DELETE CASCADE;

--
-- Constraints for table `favorites`
--
ALTER TABLE `favorites`
  ADD CONSTRAINT `favorites_product_id_foreign` FOREIGN KEY (`product_id`) REFERENCES `products` (`id`) ON DELETE CASCADE,
  ADD CONSTRAINT `favorites_user_id_foreign` FOREIGN KEY (`user_id`) REFERENCES `users` (`id`) ON DELETE CASCADE;

--
-- Constraints for table `orders`
--
ALTER TABLE `orders`
  ADD CONSTRAINT `orders_stat_id_foreign` FOREIGN KEY (`stat_id`) REFERENCES `stats` (`id`) ON DELETE CASCADE,
  ADD CONSTRAINT `orders_user_id_foreign` FOREIGN KEY (`user_id`) REFERENCES `users` (`id`) ON DELETE CASCADE;

--
-- Constraints for table `order_details`
--
ALTER TABLE `order_details`
  ADD CONSTRAINT `order_details_order_id_foreign` FOREIGN KEY (`order_id`) REFERENCES `orders` (`id`) ON DELETE CASCADE,
  ADD CONSTRAINT `order_details_product_id_foreign` FOREIGN KEY (`product_id`) REFERENCES `products` (`id`) ON DELETE CASCADE;

--
-- Constraints for table `products`
--
ALTER TABLE `products`
  ADD CONSTRAINT `products_product_categ_id_foreign` FOREIGN KEY (`product_categ_id`) REFERENCES `product_categs` (`id`) ON DELETE CASCADE;

--
-- Constraints for table `users`
--
ALTER TABLE `users`
  ADD CONSTRAINT `users_role_id_foreign` FOREIGN KEY (`role_id`) REFERENCES `roles` (`id`) ON DELETE CASCADE;

/*!40101 SET CHARACTER_SET_CLIENT=@OLD_CHARACTER_SET_CLIENT */;
/*!40101 SET CHARACTER_SET_RESULTS=@OLD_CHARACTER_SET_RESULTS */;
/*!40101 SET COLLATION_CONNECTION=@OLD_COLLATION_CONNECTION */;
